"41101|2016-06-03|2016-06-03|Екатеринбург|Актуальные вопросы анестезии и интенсивной терапии в педиатрии|<b>Тип мероприятия:</b> Конференция (окружная, городская, областная, региональная, межрегиональная, национальная)<br /><b>Адрес:</b> ул. Волгоградская, 185<br /><b>Город:</b> Екатеринбург<br /><b>Организатор:</b> Министерство Здравоохранения Свердловской области<br /><b>Целевая аудитория:</b> Анестезиологи-реаниматологи<br /><b>Адрес проведения:</b><br />";NULL;"0|0|1|2016-05-26 09:54:45|2016-05-26 09:54:45";NULL;NULL;NULL;NULL;NULL;"1";NULL;NULL
"41101|2016-06-30|2016-07-01|Барнаул|Высокие технологии в онкологической практике|<b>Тип мероприятия:</b> Конференция (окружная, городская, областная, региональная, межрегиональная, национальная)<br /><b>Адрес:</b> ""ул. Парковая, 21а, санаторий ""Барнаульский""<br /><b>Город:</b> Барнаул<br /><b>Организатор:</b> Алтайское краевое противораковое общество<br /><b>Целевая аудитория:</b> Онкологи<br /><b>Адрес проведения:</b><br />";NULL;"0|0|1|2016-05-26 09:54:45|2016-05-26 09:54:45";NULL;NULL;NULL;NULL;NULL;"1";NULL;NULL
"41101|2016-06-30|2016-06-30|Воронеж|Паллиативная медицинская помощь в онкологии|<b>Тип мероприятия:</b> Конференция (окружная, городская, областная, региональная, межрегиональная, национальная)<br /><b>Адрес:</b> ул. Владимира Невского, 29<br /><b>Город:</b> Воронеж<br /><b>Организатор:</b> ""БУЗ ВО «Воронежский обл.клин.диспансер""<br /><b>Целевая аудитория:</b> Онкологи<br /><b>Адрес проведения:</b><br />";NULL;"0|0|1|2016-05-26 09:54:45|2016-05-26 09:54:45";NULL;NULL;NULL;NULL;NULL;"1";NULL;NULL
"41101|2016-06-30|2016-07-01|Германия, Мюнхен|Post Asco Melanoma meeting|<b>Тип мероприятия:</b> Международный конгресс<br /><b>Страна:</b> Германия<br /><b>Адрес:</b> Leonardo Royal Hotel, Moosacher Str. 90, 80809 Munchen<br /><b>Город:</b> Мюнхен<br /><b>Организатор:</b> European Association of Dermato-Oncology<br /><b>Целевая аудитория:</b> Онкологи<br /><b>Адрес проведения:</b><br />";NULL;"0|0|1|2016-05-26 09:54:45|2016-05-26 09:54:45";NULL;NULL;NULL;NULL;NULL;"0";NULL;NULL
"41101|2016-06-29|2016-06-30|Саратов|Классика и инновации в травматологии и ортопедии.|<b>Тип мероприятия:</b> Конференция (окружная, городская, областная, региональная, межрегиональная, национальная)<br /><b>Адрес:</b> ул. Чернышевского, 148<br /><b>Город:</b> Саратов<br /><b>Организатор:</b> ""ФГБУ ""СарНИИТО"" Минздрава Росии""<br /><b>Целевая аудитория:</b> Травматологи-ортопеды, хирурги, нейрохирурги, вертебрологи, неврологи, ревматологи<br /><b>Адрес проведения:</b><br />";NULL;"0|0|1|2016-05-26 09:54:45|2016-05-26 09:54:45";NULL;NULL;NULL;NULL;NULL;"1";NULL;NULL
"41101|2016-06-28|2016-06-28|Москва|Рациональный выбор терапии в управлении сахарным диабетом 2 типа|<b>Тип мероприятия:</b> Научно-практическая школа для врачей<br /><b>Адрес:</b> улица Кожевническая, 8 стр. 3, отель Кортъярд Марриотт Павелецкая<br /><b>Город:</b> Москва<br /><b>Организатор:</b> <br /><b>Целевая аудитория:</b> Эндокринологи<br /><b>Адрес проведения:</b><br />";NULL;"0|0|1|2016-05-26 09:54:45|2016-05-26 09:54:45";NULL;NULL;NULL;NULL;NULL;"0";NULL;NULL
"41101|2016-06-26|2016-06-30|Glasgow|10th International Symposium on Pneumococci and Pneumococcal Disease|<b>Тип мероприятия:</b> Международный конгресс<br /><b>Адрес:</b> Glasgow G3 8YW, United Kingdom<br /><b>Город:</b> Glasgow<br /><b>Организатор:</b> ISPPD<br /><b>Целевая аудитория:</b> Педиатры<br /><b>Адрес проведения:</b><br />";NULL;"0|0|1|2016-05-26 09:54:45|2016-05-26 09:54:45";NULL;NULL;NULL;NULL;NULL;"0";NULL;NULL
"41101|2016-06-26|2016-06-30|Шотландия, Glasgow|10th International Symposium on Pneumococci and Pneumococcal Disease|<b>Тип мероприятия:</b> Международный конгресс<br /><b>Страна:</b> Шотландия<br /><b>Адрес:</b> Glasgow G3 8YW, United Kingdom<br /><b>Город:</b> Glasgow<br /><b>Организатор:</b> ISPPD<br /><b>Целевая аудитория:</b> Педиатры<br /><b>Адрес проведения:</b><br />";NULL;"0|0|1|2016-05-26 09:54:45|2016-05-26 09:54:45";NULL;NULL;NULL;NULL;NULL;"0";NULL;NULL
"41101|2016-06-25|2016-06-26|Нижегородская область|АКТУАЛЬНЫЕ  ВОПРОСЫ  ЭНДОКРИНОЛОГИИ|<b>Тип мероприятия:</b> Конференция (окружная, городская, областная, региональная, межрегиональная, национальная)<br /><b>Адрес:</b> ""606401,  Нижегородская область,  Балахнинский район,  пос. Лукино, б/ц ""Волга"".""<br /><b>Город:</b> Нижегородская область<br /><b>Организатор:</b> РООИ «НДЛ»<br /><b>Целевая аудитория:</b> Эндокринологи<br /><b>Адрес проведения:</b><br />";NULL;"0|0|1|2016-05-26 09:54:45|2016-05-26 09:54:45";NULL;NULL;NULL;NULL;NULL;"1";NULL;NULL
"41101|2016-06-25|2016-06-25|Краснодар|Терапевтические проблемы боли |<b>Тип мероприятия:</b> Конференция (окружная, городская, областная, региональная, межрегиональная, национальная)<br /><b>Адрес:</b> ул. Красная 58<br /><b>Город:</b> Краснодар<br /><b>Организатор:</b>  НО Союз врачей Кубани<br /><b>Целевая аудитория:</b> Терапевты, неврологи, ревматологи, хирурги.<br /><b>Адрес проведения:</b><br />";NULL;"0|0|1|2016-05-26 09:54:45|2016-05-26 09:54:45";NULL;NULL;NULL;NULL;NULL;"1";NULL;NULL
"41101|2016-06-24|2016-06-25|Санкт-Петербург|Доказательная диабетология и клиническая практика|<b>Тип мероприятия:</b> Конференция (окружная, городская, областная, региональная, межрегиональная, национальная)<br /><b>Адрес:</b> ""  отель ""Новый Петергоф""<br /><b>Город:</b> Санкт-Петербург<br /><b>Организатор:</b> ""РОО ""Профессиональная Медицинская Ассоциация Эндокринологов Санкт-Петербурга""<br /><b>Целевая аудитория:</b> Эндокринологи<br /><b>Адрес проведения:</b><br />";NULL;"0|0|1|2016-05-26 09:54:45|2016-05-26 09:54:45";NULL;NULL;NULL;NULL;NULL;"1";NULL;NULL
"41101|2016-06-24|2016-06-24|Иркутск|ХРОНИЧЕСКИЕ ВИРУСНЫЕ ГЕПАТИТЫ: СОВРЕМЕННЫЕ АСПЕКТЫ ДИАГНОСТИКИ И ЛЕЧЕНИЯ|<b>Тип мероприятия:</b> Конференция (окружная, городская, областная, региональная, межрегиональная, национальная)<br /><b>Адрес:</b> ""п.Листвянка, 62км Байкальского тракта, ГК ""Прибайкальская""<br /><b>Город:</b> Иркутск<br /><b>Организатор:</b> ИОИКБ<br /><b>Целевая аудитория:</b> Инфекционисты, эпидемиологи<br /><b>Адрес проведения:</b><br />";NULL;"0|0|1|2016-05-26 09:54:45|2016-05-26 09:54:45";NULL;NULL;NULL;NULL;NULL;"1";NULL;NULL
"41101|2016-06-23|2016-06-25|Суздаль|КОНГРЕСС РОССИЙСКОГО ОБЩЕСТВА РИНОЛОГОВ|<b>Тип мероприятия:</b> Национальный конгресс<br /><b>Адрес:</b> ул. Коровники, 45<br /><b>Город:</b> Суздаль<br /><b>Организатор:</b> Российское Общество Ринологов<br /><b>Целевая аудитория:</b> Оториноларингологи<br /><b>Адрес проведения:</b><br />";NULL;"0|0|1|2016-05-26 09:54:45|2016-05-26 09:54:45";NULL;NULL;NULL;NULL;NULL;"1";NULL;NULL
"41101|2016-06-23|2016-06-23|Владивосток|Современные технологии диагностики,лечения и профилактики в интенсивной терапии|<b>Тип мероприятия:</b> Конференция (окружная, городская, областная, региональная, межрегиональная, национальная)<br /><b>Адрес:</b> ул. Семеновская, д.29, Отель Хенде<br /><b>Город:</b> Владивосток<br /><b>Организатор:</b> Сепсис Форум<br /><b>Целевая аудитория:</b> Анестезиологи-реаниматологи, хирурги, клинические фармакологи<br /><b>Адрес проведения:</b><br />";NULL;"0|0|1|2016-05-26 09:54:45|2016-05-26 09:54:45";NULL;NULL;NULL;NULL;NULL;"1";NULL;NULL
"41101|2016-06-23|2016-06-24|Санкт-Петербург|Современные аспекты лечения термической травмы|<b>Тип мероприятия:</b> Конференция (окружная, городская, областная, региональная, межрегиональная, национальная)<br /><b>Адрес:</b> Московский пр., 97А, отель «Холидей ИНН Московские Ворота»<br /><b>Город:</b> Санкт-Петербург<br /><b>Организатор:</b> Общероссийская общественная организация «Объединение комбустиологов<br /><b>Целевая аудитория:</b> Клинические фармакологи, анестезиологи-реаниматологи<br /><b>Адрес проведения:</b><br />";NULL;"0|0|1|2016-05-26 09:54:45|2016-05-26 09:54:45";NULL;NULL;NULL;NULL;NULL;"1";NULL;NULL
"41101|2016-06-23|2016-06-23|Санкт-Петербург|Сахарный диабет - социальное и экономическое бремя XXI века|<b>Тип мероприятия:</b> Конференция (окружная, городская, областная, региональная, межрегиональная, национальная)<br /><b>Адрес:</b> Батайский пер., 3а<br /><b>Город:</b> Санкт-Петербург<br /><b>Организатор:</b> Ассоциация клинических фармакологов Санкт-Петербурга<br /><b>Целевая аудитория:</b> Эндокринологи<br /><b>Адрес проведения:</b><br />";NULL;"0|0|1|2016-05-26 09:54:45|2016-05-26 09:54:45";NULL;NULL;NULL;NULL;NULL;"1";NULL;NULL
"41101|2016-06-23|2016-06-23|Владивосток|Современные технологии диагностики лечения и профилактики в интенсивной терапии|<b>Тип мероприятия:</b> Конференция (окружная, городская, областная, региональная, межрегиональная, национальная)<br /><b>Адрес:</b> ""ул.Семеновская, д.29, Отель""Хёндэ""<br /><b>Город:</b> Владивосток<br /><b>Организатор:</b> <br /><b>Целевая аудитория:</b> Врачи разных  специальностей<br /><b>Адрес проведения:</b><br />";NULL;"0|0|1|2016-05-26 09:54:45|2016-05-26 09:54:45";NULL;NULL;NULL;NULL;NULL;"1";NULL;NULL
"41101|2016-06-23|2016-06-25|Казань|Летняя школа Европейского общества детских гастроэнтерологов, гепатологов и нутрициологов|<b>Тип мероприятия:</b> Национальный конгресс<br /><b>Адрес:</b> ""ул. Чернышевского д.39. Отель""Рамада""<br /><b>Город:</b> Казань<br /><b>Организатор:</b> Казанский государственный медицинский университет/ Кафедра госпитальной педиатрии с курсом поликлинической педиатрии<br /><b>Целевая аудитория:</b> Детские гастроэнтерологи, гепатологи, нутрициологи<br /><b>Адрес проведения:</b><br />";NULL;"0|0|1|2016-05-26 09:54:45|2016-05-26 09:54:45";NULL;NULL;NULL;NULL;NULL;"1";NULL;NULL
"41101|2016-06-23|2016-06-24|Якутск|Школа педиатра: Актуальные вопросы охраны здоровья детей и подростков|<b>Тип мероприятия:</b> Конференция (окружная, городская, областная, региональная, межрегиональная, национальная)<br /><b>Адрес:</b> Республиканская больница №1, НЦМ ЦОМиД, Сергеляхское шоссе 4<br /><b>Город:</b> Якутск<br /><b>Организатор:</b> Министерство здравоохранения, СВФУ им.М.К.Аммосова<br /><b>Целевая аудитория:</b> Педиатры, детские гастроэнтерологи<br /><b>Адрес проведения:</b><br />";NULL;"0|0|1|2016-05-26 09:54:45|2016-05-26 09:54:45";NULL;NULL;NULL;NULL;NULL;"1";NULL;NULL
"41101|2016-06-22|2016-06-24|Москва|3-й международный практический семинар по актуальным вопросам отохирургии с курсом диссекции височной кости|<b>Тип мероприятия:</b> Конференция (окружная, городская, областная, региональная, межрегиональная, национальная)<br /><b>Адрес:</b> ул. Б.Пироговская, д.6/1 Первый МГМУ им. И.М.Сеченова<br /><b>Город:</b> Москва<br /><b>Организатор:</b> ""ООО ""Медкон""<br /><b>Целевая аудитория:</b> ЛОР врачи<br /><b>Адрес проведения:</b><br />";NULL;"0|0|1|2016-05-26 09:54:45|2016-05-26 09:54:45";NULL;NULL;NULL;NULL;NULL;"1";NULL;NULL
"41101|2016-06-22|2016-06-24|Санкт-Петербург|""Форум ""Белые Ночи""|<b>Тип мероприятия:</b> Конференция (окружная, городская, областная, региональная, межрегиональная, национальная)<br /><b>Адрес:</b> Park Inn by Radisson Прибалтийская по адресу: г. Санкт-Петербург, ул. Кораблестроителей, д. 14<br /><b>Город:</b> Санкт-Петербург<br /><b>Организатор:</b> НИИ онкологии им.Н.Н.Петрова<br /><b>Целевая аудитория:</b> Онкологи<br /><b>Адрес проведения:</b><br />";NULL;"0|0|1|2016-05-26 09:54:45|2016-05-26 09:54:45";NULL;NULL;NULL;NULL;NULL;"1";NULL;NULL
"41101|2016-06-22|2016-06-24|Санкт-Петербург|""II Петербургский онкологический форум ""Белые ночи- 2016""|<b>Тип мероприятия:</b> Национальный конгресс<br /><b>Адрес:</b> ""ул. Кораблестроителей, 14. Конгрес-отель ""Прибалтийская""<br /><b>Город:</b> Санкт-Петербург<br /><b>Организатор:</b> РОНЦ им. Н.Н. Блохина<br /><b>Целевая аудитория:</b> Онкологи, химиотерапевты, радиологи<br /><b>Адрес проведения:</b><br />";NULL;"0|0|1|2016-05-26 09:54:45|2016-05-26 09:54:45";NULL;NULL;NULL;NULL;NULL;"1";NULL;NULL
"41101|2016-06-17|2016-06-17|Петрозаводск|Актуальные вопросы ревматологии. Школа по анкилозирующему спондилиту|<b>Тип мероприятия:</b> Конференция (окружная, городская, областная, региональная, межрегиональная, национальная)<br /><b>Адрес:</b> пл. Гагарина, д.1<br /><b>Город:</b> Петрозаводск<br /><b>Организатор:</b> ФГБОУ ВО «Петрозаводский государственный университет<br /><b>Целевая аудитория:</b> Ревматологи, терапевты <br /><b>Адрес проведения:</b><br />";NULL;"0|0|1|2016-05-26 09:54:45|2016-05-26 09:54:45";NULL;NULL;NULL;NULL;NULL;"1";NULL;NULL
"41101|2016-06-16|2016-06-16|Тольятти|Современные аспекты  профилактики, диагностики и лечения ВИЧ-инфекции|<b>Тип мероприятия:</b> Конференция (окружная, городская, областная, региональная, межрегиональная, национальная)<br /><b>Адрес:</b> Бульвар Здоровья, 25<br /><b>Город:</b> Тольятти<br /><b>Организатор:</b> ГБУЗ Самарской области<br /><b>Целевая аудитория:</b> Инфекционисты <br /><b>Адрес проведения:</b><br />";NULL;"0|0|1|2016-05-26 09:54:45|2016-05-26 09:54:45";NULL;NULL;NULL;NULL;NULL;"1";NULL;NULL
"41101|2016-06-15|2016-06-18|Австрия, Salzburg|European Research Organisation on Genital Infection & Neoplasia (EUROGYN)|<b>Тип мероприятия:</b> Международный конгресс<br /><b>Страна:</b> Австрия<br /><b>Адрес:</b> Auerspergstra?e 6, 5020 Salzburg, Австрия<br /><b>Город:</b> Salzburg<br /><b>Организатор:</b> EUROGIN<br /><b>Целевая аудитория:</b> Педиатры, акушер-гинекологи<br /><b>Адрес проведения:</b><br />";NULL;"0|0|1|2016-05-26 09:54:45|2016-05-26 09:54:45";NULL;NULL;NULL;NULL;NULL;"0";NULL;NULL
"41101|2016-06-15|2016-06-16|Хабаровск|Региональная конференция Прикладные вопросы профилактики, клинико-лабораторной дагностики и лечения ВИЧ-инфекции, СПИД-ассоциируемых заболеваний, вирусных гепатитов|<b>Тип мероприятия:</b> Конференция (окружная, городская, областная, региональная, межрегиональная, национальная)<br /><b>Адрес:</b> Ул. Краснодарская, 9<br /><b>Город:</b> Хабаровск<br /><b>Организатор:</b> ""КГБУЗ ""Центр по профилактики и борьбе со СПИД и инфекционными заболеваниями"" МЗ ХК""<br /><b>Целевая аудитория:</b> Инфекционисты, терапевты, гастроэнтерологи, педиатры, акушер-гинекологи, эпидемиологи<br /><b>Адрес проведения:</b><br />";NULL;"0|0|1|2016-05-26 09:54:45|2016-05-26 09:54:45";NULL;NULL;NULL;NULL;NULL;"1";NULL;NULL
"41101|2016-06-14|2016-06-15|Санкт-Петербург|Всероссийский межрегиональный конгресс «Балтийский медицинский форум 2016»|<b>Тип мероприятия:</b> Конференция (окружная, городская, областная, региональная, межрегиональная, национальная)<br /><b>Адрес:</b> пл.Победы, д.1 Отель Парк ИНН Пулковская<br /><b>Город:</b> Санкт-Петербург<br /><b>Организатор:</b> Комитет по здравоохранению Санкт-Петербурга<br /><b>Целевая аудитория:</b> Ревматологи, терапевты <br /><b>Адрес проведения:</b><br />";NULL;"0|0|1|2016-05-26 09:54:45|2016-05-26 09:54:45";NULL;NULL;NULL;NULL;NULL;"1";NULL;NULL
"41101|2016-06-14|2016-06-15|Саратов|Актуальные вопросы диагностики и лечения ВИЧ-инфекции, хронических вирусных гепатитов, оппортунистических заболеваний у больных ВИЧ-инфекцией. Организация противотуберкулёзной помощи больным ВИЧ-инфекцией|<b>Тип мероприятия:</b> Конференция (окружная, городская, областная, региональная, межрегиональная, национальная)<br /><b>Адрес:</b> Лермонтова, 30<br /><b>Город:</b> Саратов<br /><b>Организатор:</b> ""ГУЗ ""ЦЕНТР - СПИД""<br /><b>Целевая аудитория:</b> Инфекционисты <br /><b>Адрес проведения:</b><br />";NULL;"0|0|1|2016-05-26 09:54:45|2016-05-26 09:54:45";NULL;NULL;NULL;NULL;NULL;"1";NULL;NULL
"41101|2016-06-14|2016-06-16|Санкт-Петербург|XIX Кашкинские чтения|<b>Тип мероприятия:</b> Конференция (окружная, городская, областная, региональная, межрегиональная, национальная)<br /><b>Адрес:</b> Пироговская наб., д. 5/2<br /><b>Город:</b> Санкт-Петербург<br /><b>Организатор:</b> НИИ медицинской микологии им. П.Н. Кашкина<br /><b>Целевая аудитория:</b> Клинические фармакологи, анестезиологи-реаниматологи<br /><b>Адрес проведения:</b><br />";NULL;"0|0|1|2016-05-26 09:54:45|2016-05-26 09:54:45";NULL;NULL;NULL;NULL;NULL;"1";NULL;NULL
"41101|2016-06-14|2016-06-17|Москва|XVI Всероссийский съезд дерматовенерологов и косметологов|<b>Тип мероприятия:</b> Национальный конгресс<br /><b>Адрес:</b> Московская область, г. Красногорск, 65-66 км МКАД, Торгово-выставочный комплекс, корпус 2<br /><b>Город:</b> Москва<br /><b>Организатор:</b> ""ФГБУ ""Государственный научный центр дерматовенерологии и косметологии"" МЗ РФ""<br /><b>Целевая аудитория:</b> Дерматовенерологи<br /><b>Адрес проведения:</b><br />";NULL;"0|0|1|2016-05-26 09:54:45|2016-05-26 09:54:45";NULL;NULL;NULL;NULL;NULL;"1";NULL;NULL
"41101|2016-06-11|2016-06-11|Санкт-Петербург|Управление СД 2 типа на современном уровне|<b>Тип мероприятия:</b> Научно-практическая школа для врачей<br /><b>Адрес:</b> Приморское шоссе, д.484А; ресторан Гольфстрим<br /><b>Город:</b> Санкт-Петербург<br /><b>Организатор:</b> <br /><b>Целевая аудитория:</b> Эндокринологи<br /><b>Адрес проведения:</b><br />";NULL;"0|0|1|2016-05-26 09:54:45|2016-05-26 09:54:45";NULL;NULL;NULL;NULL;NULL;"0";NULL;NULL
"41101|2016-06-11|2016-06-15|Вена|EAACI|<b>Тип мероприятия:</b> Международный конгресс<br /><b>Адрес:</b> Messeplatz 1, Postfach 277,1021 Vienna<br /><b>Город:</b> Вена<br /><b>Организатор:</b> <br /><b>Целевая аудитория:</b> Пульмонологи, иммунологи, аллергологи<br /><b>Адрес проведения:</b><br />";NULL;"0|0|1|2016-05-26 09:54:45|2016-05-26 09:54:45";NULL;NULL;NULL;NULL;NULL;"0";NULL;NULL
"41101|2016-06-10|2016-06-11|Калининград|Актуальные вопросы неврологии|<b>Тип мероприятия:</b> Конференция (окружная, городская, областная, региональная, межрегиональная, национальная)<br /><b>Адрес:</b> Калининград, пл. Победы, д.10, Конференц - зал отеля «Radisson»<br /><b>Город:</b> Калининград<br /><b>Организатор:</b> Санкт-Петербургский Государственный медицинский университет им. И.П. Павлова<br /><b>Целевая аудитория:</b> Неврологи<br /><b>Адрес проведения:</b><br />";NULL;"0|0|1|2016-05-26 09:54:45|2016-05-26 09:54:45";NULL;NULL;NULL;NULL;NULL;"1";NULL;NULL
"41101|2016-06-10|2016-06-10|Нижний Новгород|""Заседание Нижегородского научного общества урологов  совместно с Межрегиональной общественной организацией содействия эффективному использованию лекарственных средств в урологии  ""Рациональная фармакотерапия в урологии""|<b>Тип мероприятия:</b> Научно-практическая школа для врачей<br /><b>Адрес:</b> ул.Советская, 12, Маринс-парк  отель<br /><b>Город:</b> Нижний Новгород<br /><b>Организатор:</b> Межрегиональная общественная организация содействия эффективному использованию ЛС в урологии<br /><b>Целевая аудитория:</b> Урологи, андрологи, клинические фармакологи<br /><b>Адрес проведения:</b><br />";NULL;"0|0|1|2016-05-26 09:54:45|2016-05-26 09:54:45";NULL;NULL;NULL;NULL;NULL;"0";NULL;NULL
"41101|2016-06-10|2016-06-11|Казань|""Образовательный форум ""Ошибки, опасности и осложнения в анестезиологии и реаниматологии""|<b>Тип мероприятия:</b> Конференция (окружная, городская, областная, региональная, межрегиональная, национальная)<br /><b>Адрес:</b> пр. Фатыха Амирхана, 1<br /><b>Город:</b> Казань<br /><b>Организатор:</b> ""Кафедра анестезиологии и реаниматологии; ФГНБУ ""Российский Научный Центр Хирургии""; Общественная общероссийская организация""<br /><b>Целевая аудитория:</b> Анестезиологи-реаниматологи<br /><b>Адрес проведения:</b><br />";NULL;"0|0|1|2016-05-26 09:54:45|2016-05-26 09:54:45";NULL;NULL;NULL;NULL;NULL;"1";NULL;NULL
"41101|2016-06-09|2016-06-10|Нижний Новгород|""Международная конферения травматологов-ортопедов ""Актуальные вопросы хирургии крупных суставов. Взгляд в будущее.""|<b>Тип мероприятия:</b> Конференция (окружная, городская, областная, региональная, межрегиональная, национальная)<br /><b>Адрес:</b> пр.Гагарина,27<br /><b>Город:</b> Нижний Новгород<br /><b>Организатор:</b> ""ООО ""Терра Инкогнита НН""<br /><b>Целевая аудитория:</b> Травматологи-ортопеды, хирурги<br /><b>Адрес проведения:</b><br />";NULL;"0|0|1|2016-05-26 09:54:45|2016-05-26 09:54:45";NULL;NULL;NULL;NULL;NULL;"1";NULL;NULL
"41101|2016-06-09|2016-06-09|Екатеринбург|Рациональный выбор терапии в управлении сахарным диабетом 2 типа|<b>Тип мероприятия:</b> Научно-практическая школа для врачей<br /><b>Адрес:</b> ""Отель ""Онегин"", ул. Розы Люксембург, 49""<br /><b>Город:</b> Екатеринбург<br /><b>Организатор:</b> <br /><b>Целевая аудитория:</b> Эндокринологи<br /><b>Адрес проведения:</b><br />";NULL;"0|0|1|2016-05-26 09:54:45|2016-05-26 09:54:45";NULL;NULL;NULL;NULL;NULL;"0";NULL;NULL
"41101|2016-06-09|2016-06-10|Санкт-Петербург|Интегрированная неврология.Нейродегенерация и десинхроноз|<b>Тип мероприятия:</b> Конференция (окружная, городская, областная, региональная, межрегиональная, национальная)<br /><b>Адрес:</b> ул.Оптиков,д.54<br /><b>Город:</b> Санкт-Петербург<br /><b>Организатор:</b> ФГБУ ВЦЭРМ им.А.М.Никифорова МЧС России<br /><b>Целевая аудитория:</b> Неврологи<br /><b>Адрес проведения:</b><br />";NULL;"0|0|1|2016-05-26 09:54:45|2016-05-26 09:54:45";NULL;NULL;NULL;NULL;NULL;"1";NULL;NULL
"41101|2016-06-08|2016-06-11|Лондон|European League Against Rheumatology 2016|<b>Тип мероприятия:</b> Международный конгресс<br /><b>Адрес:</b> ExCeL London,One Western Gateway,Royal Victoria Dock,London E16 1XL,United Kingdom<br /><b>Город:</b> Лондон<br /><b>Организатор:</b> EULAR 2016<br /><b>Целевая аудитория:</b> Ревматологи<br /><b>Адрес проведения:</b><br />";NULL;"0|0|1|2016-05-26 09:54:45|2016-05-26 09:54:45";NULL;NULL;NULL;NULL;NULL;"0";NULL;NULL
"41101|2016-06-08|2016-06-08|Челябинск|Рациональный выбор терапии в управлении сахарным диабетом 2 типа|<b>Тип мероприятия:</b> Научно-практическая школа для врачей<br /><b>Адрес:</b> ул. Лесопарковая, 6<br /><b>Город:</b> Челябинск<br /><b>Организатор:</b> <br /><b>Целевая аудитория:</b> Эндокринологи<br /><b>Адрес проведения:</b><br />";NULL;"0|0|1|2016-05-26 09:54:45|2016-05-26 09:54:45";NULL;NULL;NULL;NULL;NULL;"0";NULL;NULL
"41101|2016-06-07|2016-06-07|Москва|Периоперационное ведение больных в травматологии и ортопедии|<b>Тип мероприятия:</b> Конференция (окружная, городская, областная, региональная, межрегиональная, национальная)<br /><b>Адрес:</b> отель «Катерина Сити», Шлюзовая набережная д.6<br /><b>Город:</b> Москва<br /><b>Организатор:</b> РНИМУ Пирогова<br /><b>Целевая аудитория:</b> Травматологи-ортопеды<br /><b>Адрес проведения:</b><br />";NULL;"0|0|1|2016-05-26 09:54:45|2016-05-26 09:54:45";NULL;NULL;NULL;NULL;NULL;"1";NULL;NULL
"41101|2016-06-07|2016-06-07|Оренбург|""Областная научно-практическая конференция ""Актуальные вопросыэпидемиологии и лечения инфекционных болезней и Вич инфекции""|<b>Тип мероприятия:</b> Конференция (окружная, городская, областная, региональная, межрегиональная, национальная)<br /><b>Адрес:</b> ул. М.Горького 45, 2 учебный корпус ОрГМА<br /><b>Город:</b> Оренбург<br /><b>Организатор:</b> ОКИБ<br /><b>Целевая аудитория:</b> Инфекционисты <br /><b>Адрес проведения:</b><br />";NULL;"0|0|1|2016-05-26 09:54:45|2016-05-26 09:54:45";NULL;NULL;NULL;NULL;NULL;"1";NULL;NULL
"41101|2016-06-04|2016-06-04|Волгоград|Междисциплинарная конференция Manage pain|<b>Тип мероприятия:</b> Конференция (окружная, городская, областная, региональная, межрегиональная, национальная)<br /><b>Адрес:</b> ул. Михаила Болонина, д. 7, отель Park Inn by<br /><b>Город:</b> Волгоград<br /><b>Организатор:</b> ВолГМУ<br /><b>Целевая аудитория:</b> Неврологи, ревматологи, травматологи, хирурги<br /><b>Адрес проведения:</b><br />";NULL;"0|0|1|2016-05-26 09:54:45|2016-05-26 09:54:45";NULL;NULL;NULL;NULL;NULL;"1";NULL;NULL
"41101|2016-06-04|2016-06-04|Челябинск|Научно-практическая школа по спондилоартритам|<b>Тип мероприятия:</b> Научно-практическая школа для врачей<br /><b>Адрес:</b> ул. Лесопарковая 6, Гостиница «Парк Сити»<br /><b>Город:</b> Челябинск<br /><b>Организатор:</b> <br /><b>Целевая аудитория:</b> Ревматологи<br /><b>Адрес проведения:</b><br />";NULL;"0|0|1|2016-05-26 09:54:45|2016-05-26 09:54:45";NULL;NULL;NULL;NULL;NULL;"0";NULL;NULL
"41101|2016-06-04|2016-06-04|Ставрополь|Современные технологии диагностики лечения и профилактики в интенсивной терапии|<b>Тип мероприятия:</b> Конференция (окружная, городская, областная, региональная, межрегиональная, национальная)<br /><b>Адрес:</b> ул. Семашко,1, Краевая клиническая больница<br /><b>Город:</b> Ставрополь<br /><b>Организатор:</b> МАКМАХ<br /><b>Целевая аудитория:</b> Врачи разных  специальностей<br /><b>Адрес проведения:</b><br />";NULL;"0|0|1|2016-05-26 09:54:45|2016-05-26 09:54:45";NULL;NULL;NULL;NULL;NULL;"1";NULL;NULL
"41101|2016-06-03|2016-06-03|Пермь|Сложные и нерешенные проблемы анестезии и интенсивной терапиив онкологи|<b>Тип мероприятия:</b> Конференция (окружная, городская, областная, региональная, межрегиональная, национальная)<br /><b>Адрес:</b> ул. Баумана, д.15<br /><b>Город:</b> Пермь<br /><b>Организатор:</b> Московский научно-исследовательский онкологический<br /><b>Целевая аудитория:</b> Клинические фармакологи, анестезиологи-реаниматологи<br /><b>Адрес проведения:</b><br />";NULL;"0|0|1|2016-05-26 09:54:45|2016-05-26 09:54:45";NULL;NULL;NULL;NULL;NULL;"1";NULL;NULL
"41101|2016-06-03|2016-06-07|Chicago|American Society of Clinical Oncology|<b>Тип мероприятия:</b> Международный конгресс<br /><b>Адрес:</b> McCormick Place 2301 S. Lake Shore Drive<br /><b>Город:</b> Chicago<br /><b>Организатор:</b> American Society of Clinical Oncology<br /><b>Целевая аудитория:</b> Онкологи<br /><b>Адрес проведения:</b><br />";NULL;"0|0|1|2016-05-26 09:54:45|2016-05-26 09:54:45";NULL;NULL;NULL;NULL;NULL;"0";NULL;NULL
"41101|2016-06-03|2016-06-04|Уфа|Актуальные вопросы стоматологии|<b>Тип мероприятия:</b> Конференция (окружная, городская, областная, региональная, межрегиональная, национальная)<br /><b>Адрес:</b> ""Менделеева, 136/5, ""Зеленая Роща""<br /><b>Город:</b> Уфа<br /><b>Организатор:</b> СТАР<br /><b>Целевая аудитория:</b> Стоматологи<br /><b>Адрес проведения:</b><br />";NULL;"0|0|1|2016-05-26 09:54:45|2016-05-26 09:54:45";NULL;NULL;NULL;NULL;NULL;"1";NULL;NULL
"41101|2016-06-03|2016-06-03|Тюмень|Алгоритмы диагностики и лечения эндокринных заболеваний|<b>Тип мероприятия:</b> Конференция (окружная, городская, областная, региональная, межрегиональная, национальная)<br /><b>Адрес:</b> ул. Республики 147<br /><b>Город:</b> Тюмень<br /><b>Организатор:</b> ГБОУ ВПО ТюмГМУ<br /><b>Целевая аудитория:</b> Эндокринологи<br /><b>Адрес проведения:</b><br />";NULL;"0|0|1|2016-05-26 09:54:45|2016-05-26 09:54:45";NULL;NULL;NULL;NULL;NULL;"1";NULL;NULL
"41101|2016-06-01|2018-06-02|Москва|""Двенадцатая ежегодная конференция с международным участием""Проблемы инфекций при критических состояниях"" ""|<b>Тип мероприятия:</b> Конференция (окружная, городская, областная, региональная, межрегиональная, национальная)<br /><b>Адрес:</b> ""ул.Петровка 25стрю2,ФГБУ НИИ Общей реаниматологии им.В.А Неговского""РАМН актовый зал""<br /><b>Город:</b> Москва<br /><b>Организатор:</b> ФГБУ «НИИ Oбщей реаниматологии им. В.А.Неговского» РАМН <br /><b>Целевая аудитория:</b> Анестезиологи-реаниматологи, хирурги, онкогематологи, инфекционисты  <br /><b>Адрес проведения:</b><br />";NULL;"0|0|1|2016-05-26 09:54:45|2016-05-26 09:54:45";NULL;NULL;NULL;NULL;NULL;"1";NULL;NULL
"41101|2016-06-02|2017-06-02|Санкт-Петербург|НПК Актуальные вопросы пульмонологии и организации пульмонологической службы в Санкт-Петербурге |<b>Тип мероприятия:</b> Конференция (окружная, городская, областная, региональная, межрегиональная, национальная)<br /><b>Адрес:</b> Отель Холидей Инн Московские ворота (Московский пр. 97а) <br /><b>Город:</b> Санкт-Петербург<br /><b>Организатор:</b>  Комитет по здравоохранению Санкт-Петербурга  <br /><b>Целевая аудитория:</b> Пульмонологи, терапевты, аллергологи, врачи общей практики.<br /><b>Адрес проведения:</b><br />";NULL;"0|0|1|2016-05-26 09:54:45|2016-05-26 09:54:45";NULL;NULL;NULL;NULL;NULL;"1";NULL;NULL
"41101|2016-06-02|2016-06-03|Санкт-Петербург|8 Международная научно-практическая конференция Белые ночи гепатологии|<b>Тип мероприятия:</b> Конференция (окружная, городская, областная, региональная, межрегиональная, национальная)<br /><b>Адрес:</b> ул.Стартовая д.6 гостиница Краун Плаза Аэропорт<br /><b>Город:</b> Санкт-Петербург<br /><b>Организатор:</b> Человек и его здоровье<br /><b>Целевая аудитория:</b> Гепатологи<br /><b>Адрес проведения:</b><br />";NULL;"0|0|1|2016-05-26 09:54:45|2016-05-26 09:54:45";NULL;NULL;NULL;NULL;NULL;"1";NULL;NULL
"41101|2016-06-02|2016-06-03|Чебоксары|ПНПК «Актуальные вопросы оказания специализированной медицинской помощи пациентам с воспалительными заболеваниями кишечника, суставов и позвоночника» (Мастер-классы биологической терапии ЯК, БК, АС, РА и ПсА)|<b>Тип мероприятия:</b> Конференция (окружная, городская, областная, региональная, межрегиональная, национальная)<br /><b>Адрес:</b> г. Чебоксары, 1 день (2 июня 2016 года), ул.Московский проспект, 45 (ЧГУ); 2 день (3 июня 2016 года) ул. Президентский бульвар, 27 (Отель Ибис)<br /><b>Город:</b> Чебоксары<br /><b>Организатор:</b> АНО ЦЕНТР ПРОФИЛАКТИКИ ЗАБОЛЕВАНИЙ НАСЕЛЕНИЯ СОДЕЙСТВИЕ<br /><b>Целевая аудитория:</b> Ревматологи, гастроэнтерологи, терапевты, ВОП, дерматологи, колопроктологи<br /><b>Адрес проведения:</b><br />";NULL;"0|0|1|2016-05-26 09:54:45|2016-05-26 09:54:45";NULL;NULL;NULL;NULL;NULL;"1";NULL;NULL
"41101|2016-06-02|2016-06-03|Калуга|Конференция «ЗДОРОВЫЕ ДЕТИ – НАШЕ  БУДУЩЕЕ. ПЕДИАТРИЧЕСКАЯ НАУКА ПРАКТИКЕ ЗДРАВООХРАНЕНИЯ»,|<b>Тип мероприятия:</b> Конференция (окружная, городская, областная, региональная, межрегиональная, национальная)<br /><b>Адрес:</b> ул.Вишневского д.1<br /><b>Город:</b> Калуга<br /><b>Организатор:</b> ООО Д-МАЙС<br /><b>Целевая аудитория:</b> Педиатры, детские аллергологи, детские оториноларингологи<br /><b>Адрес проведения:</b><br />";NULL;"0|0|1|2016-05-26 09:54:45|2016-05-26 09:54:45";NULL;NULL;NULL;NULL;NULL;"1";NULL;NULL
"41101|2016-06-02|2016-06-03|Нижний Новгород|Первый Съезд Хирургов Приволжского Федерального округа|<b>Тип мероприятия:</b> Конференция (окружная, городская, областная, региональная, межрегиональная, национальная)<br /><b>Адрес:</b> ""ул. Советская, д.12   Конгресс-центр ""Маринс Парк Отель""<br /><b>Город:</b> Нижний Новгород<br /><b>Организатор:</b> ООО Игнеско<br /><b>Целевая аудитория:</b> Хирурги<br /><b>Адрес проведения:</b><br />";NULL;"0|0|1|2016-05-26 09:54:45|2016-05-26 09:54:45";NULL;NULL;NULL;NULL;NULL;"1";NULL;NULL
"41101|2016-06-02|2016-06-03|Нижний Новгород|Первый съезд хирургов Приволжского Федерального округа|<b>Тип мероприятия:</b> Конференция (окружная, городская, областная, региональная, межрегиональная, национальная)<br /><b>Адрес:</b> г. Нижний Новгород, «Нижегородская ярмарка» павильон №1 ул. Совнаркомовская, д.13; «Маринс Парк Отель», конгресс-центр ул. Советская, д.12<br /><b>Город:</b> Нижний Новгород<br /><b>Организатор:</b> Российское Общество Хирургов ООО «РОХ»<br /><b>Целевая аудитория:</b> Хирурги<br /><b>Адрес проведения:</b><br />";NULL;"0|0|1|2016-05-26 09:54:45|2016-05-26 09:54:45";NULL;NULL;NULL;NULL;NULL;"1";NULL;NULL
"41101|2016-06-01|2016-06-01|Москва|2-ая  ежегодная Московская городская конференция «ВОТЧАЛОВСКИЕ ЧТЕНИЯ»|<b>Тип мероприятия:</b> Конференция (окружная, городская, областная, региональная, межрегиональная, национальная)<br /><b>Адрес:</b> ул. Пречистенка, дом 16<br /><b>Город:</b> Москва<br /><b>Организатор:</b> Российская медицинская академия Последипломного Образования (РМАПО) и Первый МГМУ им. И.М. Сеченова<br /><b>Целевая аудитория:</b> Клинические фармакологи, анестезиологи-реаниматологи<br /><b>Адрес проведения:</b><br />";NULL;"0|0|1|2016-05-26 09:54:45|2016-05-26 09:54:45";NULL;NULL;NULL;NULL;NULL;"1";NULL;NULL
"41101|2016-06-01|2016-06-01|Москва|75 лет в эндокринологии|<b>Тип мероприятия:</b> Конференция (окружная, городская, областная, региональная, межрегиональная, национальная)<br /><b>Адрес:</b> ул. Дмитрия Ульянова, д.11 (Конгресс-холл нового корпуса ФГБУ ЭНЦ)<br /><b>Город:</b> Москва<br /><b>Организатор:</b> ""Общественная организация ""Российская Ассоциация Эндокринологов""<br /><b>Целевая аудитория:</b> Эндокринологи<br /><b>Адрес проведения:</b><br />";NULL;"0|0|1|2016-05-26 09:54:45|2016-05-26 09:54:45";NULL;NULL;NULL;NULL;NULL;"1";NULL;NULL
"41101|2016-06-01|2016-06-02|Нижний Новгород|Современные технологии в педиатрии|<b>Тип мероприятия:</b> Конференция (окружная, городская, областная, региональная, межрегиональная, национальная)<br /><b>Адрес:</b> Нижний Новгород, пр. Гагарина, д. 27<br /><b>Город:</b> Нижний Новгород<br /><b>Организатор:</b> ФГБУ «Приволжский федеральный медицинский исследовательский центр» Минздрава России<br /><b>Целевая аудитория:</b> Гастроэнтерологи, педиатры, проктологи, эндоскописты, ревматологи<br /><b>Адрес проведения:</b><br />";NULL;"0|0|1|2016-05-26 09:54:45|2016-05-26 09:54:45";NULL;NULL;NULL;NULL;NULL;"1";NULL;NULL
"41101|2016-06-01|2016-06-02|Москва|Ежегодный съезд репродуктологов сети клиник|<b>Тип мероприятия:</b> Конференция (окружная, городская, областная, региональная, межрегиональная, национальная)<br /><b>Адрес:</b> Аргуновская ул., 2 к.1<br /><b>Город:</b> Москва<br /><b>Организатор:</b> ""ООО ""Медика Плюс""<br /><b>Целевая аудитория:</b> Акушер-гинекологи<br /><b>Адрес проведения:</b><br />";NULL;"0|0|1|2016-05-26 09:54:45|2016-05-26 09:54:45";NULL;NULL;NULL;NULL;NULL;"1";NULL;NULL
"41101|2016-05-31|2016-05-31|Новосибирск|Бронхиальная астма сегодня и завтра.|<b>Тип мероприятия:</b> Конференция (окружная, городская, областная, региональная, межрегиональная, национальная)<br /><b>Адрес:</b> Немировича-Данченко, 130'<br /><b>Город:</b> Новосибирск'<br /><b>Организатор:</b> НГМУ'<br /><b>Целевая аудитория:</b> Пульмонологи, аллергологи, терапевты'<br /><b>Адрес проведения:</b><br />";NULL;"0|0|1|2016-04-25 02:17:29|2016-04-25 02:17:29";NULL;NULL;NULL;NULL;NULL;"1";NULL;NULL
"41101|2016-05-30|2016-05-30|Москва|Бронхиальная астма - сегодня и завтра|<b>Тип мероприятия:</b> Конференция (окружная, городская, областная, региональная, межрегиональная, национальная)<br /><b>Адрес:</b> Арбат 36'<br /><b>Город:</b> Москва'<br /><b>Организатор:</b> ГБОУ ВПО РНИМУ им. Н.И. Пирогова Минздрава России'<br /><b>Целевая аудитория:</b> Пульмонологи, аллергологи, терапевты'<br /><b>Адрес проведения:</b><br />";NULL;"0|0|1|2016-04-25 02:17:29|2016-04-25 02:17:29";NULL;NULL;NULL;NULL;NULL;"1";NULL;NULL
"41101|2016-05-30|2016-05-31|Санкт-Петербург|Актуальные вопросы ВИЧ-инфекции|<b>Тип мероприятия:</b> Конференция (окружная, городская, областная, региональная, межрегиональная, национальная)<br /><b>Адрес:</b> отель Краун-Плаза Аэропорn ул.Стартовая 6а'<br /><b>Город:</b> Санкт-Петербург'<br /><b>Организатор:</b> Человек и его Здоровье'<br /><b>Целевая аудитория:</b> Инфекционисты '<br /><b>Адрес проведения:</b><br />";NULL;"0|0|1|2016-04-25 02:17:29|2016-04-25 02:17:29";NULL;NULL;NULL;NULL;NULL;"1";NULL;NULL
"41101|2016-05-30|2016-06-02|Казань|Клиническая иммунология и аллергология – междисциплинарные проблемы|<b>Тип мероприятия:</b> Конференция (окружная, городская, областная, региональная, межрегиональная, национальная)<br /><b>Адрес:</b> ГТРК Корстон, ул. Н. Ершова , 1а'<br /><b>Город:</b> Казань'<br /><b>Организатор:</b> РААКИ'<br /><b>Целевая аудитория:</b> Аллергологи'<br /><b>Адрес проведения:</b><br />";NULL;"0|0|1|2016-04-25 02:17:29|2016-04-25 02:17:29";NULL;NULL;NULL;NULL;NULL;"1";NULL;NULL
"41101|2016-05-28|2016-05-28|Кемерово|Современные подходы к терапии БА у детей|<b>Тип мероприятия:</b> Научно-практическая школа для врачей<br /><b>Адрес:</b> ул. Черняховского, 8А'<br /><b>Город:</b> Кемерово'<br /><b>Организатор:</b> '<br /><b>Целевая аудитория:</b> Педиатры'<br /><b>Адрес проведения:</b><br />";NULL;"0|0|1|2016-04-25 02:17:29|2016-04-25 02:17:29";NULL;NULL;NULL;NULL;NULL;"0";NULL;NULL
"41101|2016-05-28|2016-05-30|Англия, Лондон|European Society of Anesthesiology|<b>Тип мероприятия:</b> Международный конгресс<br /><b>Страна:</b> Англия'<br /><b>Адрес:</b> Venue, ExCeL London, One Western Gateway, Royal Victoria Dock, London, E16 1XL'<br /><b>Город:</b> Лондон'<br /><b>Организатор:</b> The European Society of Anaesthesiology (ESA)'<br /><b>Целевая аудитория:</b> Анестезиологи-реаниматологи'<br /><b>Адрес проведения:</b><br />";NULL;"0|0|1|2016-04-25 02:17:29|2016-04-25 02:17:29";NULL;NULL;NULL;NULL;NULL;"0";NULL;NULL
"41101|2016-05-27|2016-05-27|Москва|Проблемы ИППП и ПВИ в акушерстве и гинекологии|<b>Тип мероприятия:</b> Научно-практическая школа для врачей<br /><b>Адрес:</b> ул Покровка, 22а'<br /><b>Город:</b> Москва'<br /><b>Организатор:</b> МОНИИАГ'<br /><b>Целевая аудитория:</b> Акушер-гинекологи'<br /><b>Адрес проведения:</b><br />";NULL;"0|0|1|2016-04-25 02:17:29|2016-04-25 02:17:29";NULL;NULL;NULL;NULL;NULL;"0";NULL;NULL
"41101|2016-05-27|2016-05-28|Санкт-Петербург|Ежегодная школа терапевтов и врачей общей практики Ленинградской области.|<b>Тип мероприятия:</b> Конференция (окружная, городская, областная, региональная, межрегиональная, национальная)<br /><b>Адрес:</b> ""Приморское шоссе, д. 593, литера Б, """"Гелиос-Отель""""""'<br /><b>Город:</b> Санкт-Петербург'<br /><b>Организатор:</b> Комитет по здравоохранению Ленинградской области'<br /><b>Целевая аудитория:</b> Терапевты, врачи общей практики, пульмонологи, аллергологи'<br /><b>Адрес проведения:</b><br />";NULL;"0|0|1|2016-04-25 02:17:29|2016-04-25 02:17:29";NULL;NULL;NULL;NULL;NULL;"1";NULL;NULL
"41101|2016-05-27|2016-05-27|Киров|""Научно-практическая школа для врачей: """"Кожные Т-клеточные лимфомы – возможности междисциплинарного подхода к диагностике и ведению пациентов""|<b>Тип мероприятия:</b> Научно-практическая школа для врачей<br /><b>Адрес:</b> Октябрьский пр-кт, 145'<br /><b>Город:</b> Киров'<br /><b>Организатор:</b> '<br /><b>Целевая аудитория:</b> Дерматовенерологи, гематологи, патоморфологи'<br /><b>Адрес проведения:</b><br />";NULL;"0|0|1|2016-04-25 02:17:29|2016-04-25 02:17:29";NULL;NULL;NULL;NULL;NULL;"0";NULL;NULL
"41101|2016-05-27|2016-05-27|Барнаул|Краевая научно-практическая конференция оториноларингологов|<b>Тип мероприятия:</b> Конференция (окружная, городская, областная, региональная, межрегиональная, национальная)<br /><b>Адрес:</b> ул.Ляпидевского-1'<br /><b>Город:</b> Барнаул'<br /><b>Организатор:</b> Минздрав'<br /><b>Целевая аудитория:</b> ЛОР врачи'<br /><b>Адрес проведения:</b><br />";NULL;"0|0|1|2016-04-25 02:17:29|2016-04-25 02:17:29";NULL;NULL;NULL;NULL;NULL;"1";NULL;NULL
"41101|2016-05-27|2016-05-27|Краснодар|Проблема бесплодного брака|<b>Тип мероприятия:</b> Конференция в ЛПУ<br /><b>Адрес:</b> г. Краснодар, пл.Победы, 1'<br /><b>Город:</b> Краснодар'<br /><b>Организатор:</b> '<br /><b>Целевая аудитория:</b> Акушер-гинекологи, репродуктологи, эмбриологи'<br /><b>Адрес проведения:</b><br />";NULL;"0|0|1|2016-04-25 02:17:29|2016-04-25 02:17:29";NULL;NULL;NULL;NULL;NULL;"0";NULL;NULL
"41101|2016-05-26|2016-05-26|Ярославль|Теория и практика современной отоларингологии|<b>Тип мероприятия:</b> Конференция в ЛПУ<br /><b>Адрес:</b> ул.Загородный сад 11'<br /><b>Город:</b> Ярославль'<br /><b>Организатор:</b> Кафедра отоларингологии ГМУ'<br /><b>Целевая аудитория:</b> ЛОР врачи'<br /><b>Адрес проведения:</b><br />";NULL;"0|0|1|2016-04-25 02:17:29|2016-04-25 02:17:29";NULL;NULL;NULL;NULL;NULL;"0";NULL;NULL
"41101|2016-05-26|2016-05-26|Москва|Охрана репродуктивного здоровья|<b>Тип мероприятия:</b> Конференция (окружная, городская, областная, региональная, межрегиональная, национальная)<br /><b>Адрес:</b> ул Покровка, 22а'<br /><b>Город:</b> Москва'<br /><b>Организатор:</b> МОНИИАГ'<br /><b>Целевая аудитория:</b> Акушер-гинекологи'<br /><b>Адрес проведения:</b><br />";NULL;"0|0|1|2016-04-25 02:17:29|2016-04-25 02:17:29";NULL;NULL;NULL;NULL;NULL;"1";NULL;NULL
"41101|2016-05-26|2016-05-28|Калининград|Актуальные вопросы социально-значимых инфекционных и паразитарных заболеваний|<b>Тип мероприятия:</b> Конференция (окружная, городская, областная, региональная, межрегиональная, национальная)<br /><b>Адрес:</b> ""ул. Октябрьская, д. 8, конференц-зал Делового центра """"Рыбная биржа""""""'<br /><b>Город:</b> Калининград'<br /><b>Организатор:</b> ""МОО """"АВИСПО""""""'<br /><b>Целевая аудитория:</b> Инфекционисты '<br /><b>Адрес проведения:</b><br />";NULL;"0|0|1|2016-04-25 02:17:29|2016-04-25 02:17:29";NULL;NULL;NULL;NULL;NULL;"1";NULL;NULL
"41101|2016-05-26|2016-05-27|Пермь|Актуальные вопросы оториноларингологии в Пермском крае|<b>Тип мероприятия:</b> Конференция (окружная, городская, областная, региональная, межрегиональная, национальная)<br /><b>Адрес:</b> ул. Куйбышева, 14'<br /><b>Город:</b> Пермь'<br /><b>Организатор:</b> МЗ Пермского края, ГБОУ ВПО ПГМУ'<br /><b>Целевая аудитория:</b> ЛОР врачи'<br /><b>Адрес проведения:</b><br />";NULL;"0|0|1|2016-04-25 02:17:29|2016-04-25 02:17:29";NULL;NULL;NULL;NULL;NULL;"1";NULL;NULL
"41101|2016-05-26|2016-05-28|Хабаровск|Межрегиональная научно-практическая конференция «Школа колопроктологов и эндоскопистов Дальневосточного Федерального округа»|<b>Тип мероприятия:</b> Конференция (окружная, городская, областная, региональная, межрегиональная, национальная)<br /><b>Адрес:</b> 26-27 мая - КГБУЗ ГКБ №10  г. Хабаровск, ул. Тихоокеанская, д. 213/ ГБОУ ВПО ДВГМУ г. Хабаровск, ул. Муравьева-Амурского, д. 35/  28 мая - КГБУЗ КДЦ «ВИВЕЯ», ул. Запарина, д. 83.'<br /><b>Город:</b> Хабаровск'<br /><b>Организатор:</b> Ассоциация колопроктологов России'<br /><b>Целевая аудитория:</b> Гастроэнтерологи, колопроктологи, эндоскописты'<br /><b>Адрес проведения:</b><br />";NULL;"0|0|1|2016-04-25 02:17:29|2016-04-25 02:17:29";NULL;NULL;NULL;NULL;NULL;"1";NULL;NULL
"41101|2016-05-26|2016-05-27|Красноярск|""Краевая научно-практическая конференция """"Актуальные проблемы педиатрии"""".""|<b>Тип мероприятия:</b> Конференция (окружная, городская, областная, региональная, межрегиональная, национальная)<br /><b>Адрес:</b> ул. Ак Киренкского, 2а ККБУЗ ЦОМиД'<br /><b>Город:</b> Красноярск'<br /><b>Организатор:</b> Минздрав Красноярского края'<br /><b>Целевая аудитория:</b> Педиатры, неонатологи, детские инфекционисты'<br /><b>Адрес проведения:</b><br />";NULL;"0|0|1|2016-04-25 02:17:28|2016-04-25 02:17:28";NULL;NULL;NULL;NULL;NULL;"1";NULL;NULL
"41101|2016-05-26|2016-05-26|Ступино|Научно-практическая конференция  «Актуальные вопросы стоматологии и челюстно-лицевой хирургии»|<b>Тип мероприятия:</b> Конференция в ЛПУ<br /><b>Адрес:</b> Андропова 60'<br /><b>Город:</b> Ступино'<br /><b>Организатор:</b> '<br /><b>Целевая аудитория:</b> Стоматологи'<br /><b>Адрес проведения:</b><br />";NULL;"0|0|1|2016-04-25 02:17:28|2016-04-25 02:17:28";NULL;NULL;NULL;NULL;NULL;"0";NULL;NULL
"41101|2016-05-26|2016-05-26|Курган|Актуальные вопросы эндокринологии|<b>Тип мероприятия:</b> Конференция (окружная, городская, областная, региональная, межрегиональная, национальная)<br /><b>Адрес:</b> ул. К.Маркса, 58'<br /><b>Город:</b> Курган'<br /><b>Организатор:</b> Департамент ЗО КО'<br /><b>Целевая аудитория:</b> Эндокринологи, кардиологи, терапевты'<br /><b>Адрес проведения:</b><br />";NULL;"0|0|1|2016-04-25 02:17:28|2016-04-25 02:17:28";NULL;NULL;NULL;NULL;NULL;"1";NULL;NULL
"41101|2016-05-26|2016-05-26|Москва|Фармакотерапия в детской оториноларингологии|<b>Тип мероприятия:</b> Конференция (окружная, городская, областная, региональная, межрегиональная, национальная)<br /><b>Адрес:</b> Ленинградский пр. д.31а с.1'<br /><b>Город:</b> Москва'<br /><b>Организатор:</b> SBL Group, ООО Церта'<br /><b>Целевая аудитория:</b> Оториноларингологи, врачи общей практики'<br /><b>Адрес проведения:</b><br />";NULL;"0|0|1|2016-04-25 02:17:28|2016-04-25 02:17:28";NULL;NULL;NULL;NULL;NULL;"1";NULL;NULL
"41101|2016-05-26|2016-05-26|Москва|Ожирение. Коморбидность и принцип эффективного лечения|<b>Тип мероприятия:</b> Конференция в ЛПУ<br /><b>Адрес:</b> Ул. Д. Ульянова д.11'<br /><b>Город:</b> Москва'<br /><b>Организатор:</b> ЭНЦ'<br /><b>Целевая аудитория:</b> Эндокринологи'<br /><b>Адрес проведения:</b><br />";NULL;"0|0|1|2016-04-25 02:17:28|2016-04-25 02:17:28";NULL;NULL;NULL;NULL;NULL;"0";NULL;NULL
"41101|2016-05-26|2016-05-26|Санкт-Петербург|Терапия биологическими препаратами в различных областях медицины|<b>Тип мероприятия:</b> Конференция (окружная, городская, областная, региональная, межрегиональная, национальная)<br /><b>Адрес:</b> Батайский пер., 3А'<br /><b>Город:</b> Санкт-Петербург'<br /><b>Организатор:</b> Ассоциация клинических фармакологов Санкт-Петербурга'<br /><b>Целевая аудитория:</b> Клинические фармакологи'<br /><b>Адрес проведения:</b><br />";NULL;"0|0|1|2016-04-25 02:17:28|2016-04-25 02:17:28";NULL;NULL;NULL;NULL;NULL;"1";NULL;NULL
"41101|2016-05-26|2016-05-26|Иркутск|Школа  «Поддерживающая терапия в онкологии»|<b>Тип мероприятия:</b> Научно-практическая школа для врачей<br /><b>Адрес:</b> ул. Фрунзе, 32. Иркутский Областной Онкологический Диспансер'<br /><b>Город:</b> Иркутск'<br /><b>Организатор:</b> RUSCO'<br /><b>Целевая аудитория:</b> Онкологи'<br /><b>Адрес проведения:</b><br />";NULL;"0|0|1|2016-04-25 02:17:28|2016-04-25 02:17:28";NULL;NULL;NULL;NULL;NULL;"0";NULL;NULL
"41101|2016-05-25|2016-05-25|Новосибирск|Актуальные вопросы неврологии|<b>Тип мероприятия:</b> Конференция (окружная, городская, областная, региональная, межрегиональная, национальная)<br /><b>Адрес:</b> ""г.Новосибирск, ул.Каменская 7\1, бизнес-центр """"DoubleTree by Hilton""""""'<br /><b>Город:</b> Новосибирск'<br /><b>Организатор:</b> ""ООО Городской неврологический центр """"Сибнейромед""""""'<br /><b>Целевая аудитория:</b> Неврологи, терапевты'<br /><b>Адрес проведения:</b><br />";NULL;"0|0|1|2016-04-25 02:17:28|2016-04-25 02:17:28";NULL;NULL;NULL;NULL;NULL;"1";NULL;NULL
"41101|2016-05-25|2016-05-25|Санкт-Петербург|Междисциплинарные аспекты лечения инфекционных заболеваний|<b>Тип мероприятия:</b> Конференция (окружная, городская, областная, региональная, межрегиональная, национальная)<br /><b>Адрес:</b> ""пл. Александра Невского, д. 2, отель """"Москва""""""'<br /><b>Город:</b> Санкт-Петербург'<br /><b>Организатор:</b> СПБ ГБУЗ Больница им. С. П. Боткина'<br /><b>Целевая аудитория:</b> Инфекционисты '<br /><b>Адрес проведения:</b><br />";NULL;"0|0|1|2016-04-25 02:17:28|2016-04-25 02:17:28";NULL;NULL;NULL;NULL;NULL;"1";NULL;NULL
"41101|2016-05-25|2016-05-28|Москва|10th SIOP Asia Congress и VII Межрегиональное совещание НОДГО|<b>Тип мероприятия:</b> Национальный конгресс<br /><b>Адрес:</b> Российская академия наук  (Москва, Ленинский проспект, 32 А) и ФНКЦ ДГОИ им. Дмитрия Рогачева(отдельные мастер-классы, Саморы Машелы д.1).'<br /><b>Город:</b> Москва'<br /><b>Организатор:</b> НОДГО'<br /><b>Целевая аудитория:</b> Детские гематологи'<br /><b>Адрес проведения:</b><br />";NULL;"0|0|1|2016-04-25 02:17:28|2016-04-25 02:17:28";NULL;NULL;NULL;NULL;NULL;"1";NULL;NULL
"41101|2016-05-25|2016-05-27|Москва|XVIII международный конгресс по антимикробной терапии|<b>Тип мероприятия:</b> Национальный конгресс<br /><b>Адрес:</b> г-ца Космос, пр. Мира, 150'<br /><b>Город:</b> Москва'<br /><b>Организатор:</b> Межрегиональная ассоциация по клинической микробиологии и антимикробной химиотерапии (МАКМАХ)'<br /><b>Целевая аудитория:</b> Фармакологи, хирурги'<br /><b>Адрес проведения:</b><br />";NULL;"0|0|1|2016-04-25 02:17:28|2016-04-25 02:17:28";NULL;NULL;NULL;NULL;NULL;"1";NULL;NULL
"41101|2016-05-24|2016-05-24|Екатеринбург|Выявление, лечение и профилактика Вич инфекции|<b>Тип мероприятия:</b> Конференция в ЛПУ<br /><b>Адрес:</b> ул. Волгоградская 185'<br /><b>Город:</b> Екатеринбург'<br /><b>Организатор:</b> Спид-центр'<br /><b>Целевая аудитория:</b> Инфекционисты '<br /><b>Адрес проведения:</b><br />";NULL;"0|0|1|2016-04-25 02:17:28|2016-04-25 02:17:28";NULL;NULL;NULL;NULL;NULL;"0";NULL;NULL
"41101|2016-05-23|2016-05-23|Самара|23 Образовательная неделя|<b>Тип мероприятия:</b> Конференция (окружная, городская, областная, региональная, межрегиональная, национальная)<br /><b>Адрес:</b> ул.Алексея Толстого, 99, Холидей Инн'<br /><b>Город:</b> Самара'<br /><b>Организатор:</b> Майс Партнер'<br /><b>Целевая аудитория:</b> Оториноларингологи'<br /><b>Адрес проведения:</b><br />";NULL;"0|0|1|2016-04-25 02:17:28|2016-04-25 02:17:28";NULL;NULL;NULL;NULL;NULL;"1";NULL;NULL
"41101|2016-05-23|2016-05-23|Москва|Конференция ассоциации специалистов по проблемам меланомы|<b>Тип мероприятия:</b> Конференция (окружная, городская, областная, региональная, межрегиональная, национальная)<br /><b>Адрес:</b> Конгресс-центр гостиницы «Золотое Кольцо»,ул. Смоленская, 5'<br /><b>Город:</b> Москва'<br /><b>Организатор:</b> Ассоциация МЕЛАНОМА.ПРО'<br /><b>Целевая аудитория:</b> Онкологи'<br /><b>Адрес проведения:</b><br />";NULL;"0|0|1|2016-04-25 02:17:28|2016-04-25 02:17:28";NULL;NULL;NULL;NULL;NULL;"1";NULL;NULL
"41101|2016-05-21|2016-05-21|Москва|Проблемы эпидемиологии от истории к современности|<b>Тип мероприятия:</b> Конференция (окружная, городская, областная, региональная, межрегиональная, национальная)<br /><b>Адрес:</b> ул. Б. Пироговская, д. 2, стр. 2'<br /><b>Город:</b> Москва'<br /><b>Организатор:</b> ""НП """"НАСКИ""""""'<br /><b>Целевая аудитория:</b> Инфекционисты, эпидемиологи'<br /><b>Адрес проведения:</b><br />";NULL;"0|0|1|2016-04-25 02:17:28|2016-04-25 02:17:28";NULL;NULL;NULL;NULL;NULL;"1";NULL;NULL
"41101|2016-05-21|2016-05-21|Пермь|Актуальные проблемы эндокринологии|<b>Тип мероприятия:</b> Конференция (окружная, городская, областная, региональная, межрегиональная, национальная)<br /><b>Адрес:</b> с. Усть-качка Амакс'<br /><b>Город:</b> Пермь'<br /><b>Организатор:</b> Ассоциация врачей терапевтов'<br /><b>Целевая аудитория:</b> Эндокринологи'<br /><b>Адрес проведения:</b><br />";NULL;"0|0|1|2016-04-25 02:17:28|2016-04-25 02:17:28";NULL;NULL;NULL;NULL;NULL;"1";NULL;NULL
"41101|2016-05-21|2016-05-21|Екатеринбург|VI научно-практическая конферения эндокринологов УрФО|<b>Тип мероприятия:</b> Конференция (окружная, городская, областная, региональная, межрегиональная, национальная)<br /><b>Адрес:</b> ""БЦ """" Палладиум"""" ул. Хохрякова 10""'<br /><b>Город:</b> Екатеринбург'<br /><b>Организатор:</b> Министерство здравоохранения Свердловской Области.'<br /><b>Целевая аудитория:</b> Эндокринологи, терапевты'<br /><b>Адрес проведения:</b><br />";NULL;"0|0|1|2016-04-25 02:17:28|2016-04-25 02:17:28";NULL;NULL;NULL;NULL;NULL;"1";NULL;NULL
"41101|2016-05-20|2016-05-20|Томск|День педиатра.Актуальные вопросы педиатрии.|<b>Тип мероприятия:</b> Конференция (окружная, городская, областная, региональная, межрегиональная, национальная)<br /><b>Адрес:</b> ул.Советская, 45'<br /><b>Город:</b> Томск'<br /><b>Организатор:</b> ""ОГБУЗ """"Областная детская больница""""""'<br /><b>Целевая аудитория:</b> Педиатры, аллергологи'<br /><b>Адрес проведения:</b><br />";NULL;"0|0|1|2016-04-25 02:17:28|2016-04-25 02:17:28";NULL;NULL;NULL;NULL;NULL;"1";NULL;NULL
"41101|2016-05-20|2016-05-20|Томск|Рациональный выбор терапии в управлении сахарным диабетом 2 типа|<b>Тип мероприятия:</b> Научно-практическая школа для врачей<br /><b>Адрес:</b> ул. Герцена, 1А'<br /><b>Город:</b> Томск'<br /><b>Организатор:</b> '<br /><b>Целевая аудитория:</b> Эндокринологи, терапевты'<br /><b>Адрес проведения:</b><br />";NULL;"0|0|1|2016-04-25 02:17:28|2016-04-25 02:17:28";NULL;NULL;NULL;NULL;NULL;"0";NULL;NULL
"41101|2016-05-20|2016-05-21|Челябинск|""Областная научно-практическая конференция """"Актуальные вопросы оториноларингологии. Новые технологии диагностики и лечения""|<b>Тип мероприятия:</b> Конференция (окружная, городская, областная, региональная, межрегиональная, национальная)<br /><b>Адрес:</b> ул. Воровского, 64'<br /><b>Город:</b> Челябинск'<br /><b>Организатор:</b> МЗ Челябинской области'<br /><b>Целевая аудитория:</b> Оториноларингологи'<br /><b>Адрес проведения:</b><br />";NULL;"0|0|1|2016-04-25 02:17:28|2016-04-25 02:17:28";NULL;NULL;NULL;NULL;NULL;"1";NULL;NULL
"41101|2016-05-20|2016-05-21|Якутск|Проблема спондилоартритов в XXI веке|<b>Тип мероприятия:</b> Конференция (окружная, городская, областная, региональная, межрегиональная, национальная)<br /><b>Адрес:</b> Ленина 24, Стадухина 81'<br /><b>Город:</b> Якутск'<br /><b>Организатор:</b> Министерство здравоохранения РС(Я)'<br /><b>Целевая аудитория:</b> Ревматологи, терапевты '<br /><b>Адрес проведения:</b><br />";NULL;"0|0|1|2016-04-25 02:17:28|2016-04-25 02:17:28";NULL;NULL;NULL;NULL;NULL;"1";NULL;NULL
"41101|2016-05-20|2016-05-20|Пермь|Межрегиональная научно-практическая конференция. Актуальные вопросы анестезиологии и реаниматологии.|<b>Тип мероприятия:</b> Конференция (окружная, городская, областная, региональная, межрегиональная, национальная)<br /><b>Адрес:</b> ул.Куйбышева,43'<br /><b>Город:</b> Пермь'<br /><b>Организатор:</b> Кафедра анестезиологии и реаниматологии'<br /><b>Целевая аудитория:</b> Анестезиологи-реаниматологи'<br /><b>Адрес проведения:</b><br />";NULL;"0|0|1|2016-04-25 02:17:28|2016-04-25 02:17:28";NULL;NULL;NULL;NULL;NULL;"1";NULL;NULL
"41101|2016-05-20|2016-05-20|Тюмень|Актуальные вопросы гематологии|<b>Тип мероприятия:</b> Конференция (окружная, городская, областная, региональная, межрегиональная, национальная)<br /><b>Адрес:</b> ул. 50 лет Октября, д.14'<br /><b>Город:</b> Тюмень'<br /><b>Организатор:</b> Тюменское региональное медицинское общество'<br /><b>Целевая аудитория:</b> Гематологи'<br /><b>Адрес проведения:</b><br />";NULL;"0|0|1|2016-04-25 02:17:28|2016-04-25 02:17:28";NULL;NULL;NULL;NULL;NULL;"1";NULL;NULL
"41101|2016-05-20|2016-05-20|Тюмень|Рациональная фармакотерапия мочекаменной болезни|<b>Тип мероприятия:</b> Заседание профессионального общества<br /><b>Адрес:</b> ул. Советская, 20'<br /><b>Город:</b> Тюмень'<br /><b>Организатор:</b> МОО «Рациональная фармакотерапия в урологии»'<br /><b>Целевая аудитория:</b> Урологи'<br /><b>Адрес проведения:</b><br />";NULL;"0|0|1|2016-04-25 02:17:28|2016-04-25 02:17:28";NULL;NULL;NULL;NULL;NULL;"1";NULL;NULL